Page title and screen class,Views
Home - Affordablekey,442
Page Not Found - Affordablekey,229
Shop - Affordablekey,123
Windows 11 - Affordablekey,44
Microsoft Office 2021 - Affordablekey,33
getcid - Affordablekey,31
Buy Windows 11 Pro 32/64 bit -Microsoft Product Key - Affordablekey,30
How to Get a Free Office 2021 Pro Plus Lifetime License Key,28
Windows 10 Enterprise for Best Price | Best Deal,28
Contact Us - Affordablekey,25
Microsoft Office 2016 Home & Student for Windows - Affordablekey,24
Office 365 - Affordablekey,23
Microsoft Office - Affordablekey,22
Professional - Affordablekey,21
Buy Windows 10 Professional 32/64 Bit – Affordablekey - Affordablekey,20
Best place to buy windows 10 product key - Affordablekey,19
Microsoft Office 2019 Home & Business for MAC – Microsoft Product Key - Affordablekey,19
Microsoft Office 2024 Professional Plus 5 PC – Lifetime License - Affordablekey,19
Upgrade to the New Windows 11 OS - Affordablekey,18
Adobe Acrobat XI Pro For Windows Multilingual Lifetime - Affordablekey,17
Adobe Software - Affordablekey,17
GetCID info Activation Phone 1X (SALE),17
Microsoft Office 2024 - Affordablekey,17
Adobe creative cloud discount | all apps - 1 Year Enterprise Plan | Delivered to Your Own Email,16
Cart - Affordablekey,16
Microsoft Office 2024 Home Lifetime Activation Key - Affordablekey,16
Windows 10 Professional - Affordablekey,16
10 Ideas for Enhancing Your Windows 10 Home Experience - Affordablekey,15
Microsoft Project Professional 2021 For Windows PC - Affordablekey,15
10 Tips Optimizing Office Professional Plus 2016 Performance,14
FAQs - Affordablekey,14
How to Download Microsoft Office 2016 Pro Plus 32/64 bit,14
Microsoft Office 2021 Professional Plus for 5 PC - Affordablekey,14
Microsoft Provide Full Versions of Their Operating Systems,14
Promotions - Affordablekey,14
Upgrade Your Digital World with Genuine Microsoft & Windows Products 2025: Best Christmas New Year Software Deals,14
Buy Microsoft Office 2019 Professional Plus 32/64 Bit - Affordablekey,13
Comprehensive Benefits of Upgrading to Windows 11 Enterprise,13
How do I activate my Office 2019 product key?- Affordablekey,13
How to get Teams to go away in Windows 11 - Affordablekey,13
Microsoft Office 2024 Professional Plus - Affordablekey,13
Microsoft Office 2024 vs Office 2021: What’s Changed in 2026,13
The Power of Microsoft Office 2021 Professional Plus,13
The Role of Windows 11 Enterprise in Modernizing Your Workplace - Affordablekey,13
Tips and Tricks for Windows 11 – Get the Most Out of Your OS,13
About Us - Affordablekey,12
Buy Microsoft Office 2016 Home & Business for Windows PC – Trusted Product Key,12
Buy Microsoft Windows 10 Home 32/64 Bit – License key - Affordablekey,12
Checkout - Affordablekey,12
Microsoft Office 2013 Professional Plus 32/64 Bit – (Product Key) - Affordablekey,12
Microsoft Visio 2021 Professional - Affordablekey,12
Microsoft Windows 10 Education vs Enterprise: What’s the Difference?,12
Most Powerful tips for Microsoft 365 Business Standard,12
Privacy Policy - Affordablekey,12
Standard - Affordablekey,12
The Powerhouse Microsoft Office 2021 Home And Business,12
Top 5 Tools to Automate Software Updates for Small Businesses,12
Unleashing the Power of Windows 11 Enterprise,12
What is the difference MS word and MS office?-Affordablekey,12
What’s Your Go-To Software for Remote Work? Share with Us in the Comments,12
Why Should You Choose Windows 11 Pro and Office Home,12
Why Windows 11 is the Best OS for Gamers in 2026,12
Windows 11 Features,12
Windows Server 2019 Standard Download – Reasonable Price | Best Deal,12
Adobe Illustrator subscription price 2022 for Windows,11
Free Windows 10 Product Key,11
How to Activate Windows 10 Product Key 2023- Affordablekey,11
How to Download Microsoft Office 2021 Pro Plus?,11
Install and activate Microsoft Office 2021- Affordablekey,11
The Conversation Starts Here: Let’s Discuss the Benefits of Genuine Software,11
Why Using Genuine Software is Worth the Investment,11
"100% Genuine Microsoft Licenses: Safe, Legal, and Affordable",10
A Comprehensive Guide to Windows Server 2016 Standard - Affordablekey,10
Exploring the Power of Windows 10 Pro and Versatility,10
Features included in Microsoft Office Professional Plus 2021,10
Finding the Perfect Windows for Windows Operating Systems,10
Microsoft 365 Personal Download – PC Or Mac,10
Microsoft Office 2021 Home & Student – Genuine Product Key,10
Microsoft Windows 11 Enterprise 32/64 bit – Cheap Product Key - Affordablekey,10
Microsoft office 2021 home and student - Affordablekey,10
Refund & Returns Policy - Affordablekey,10
The Quick and Easy Guide to Downloading Microsoft Office 2013 Home and Student,10
Upgrade to Microsoft Windows 11 – Microsoft Product - Affordablekey,10
Upgrade to Windows 11 – Experience the Next Generation of Microsoft Windows,10
Where can I buy a windows 10 product key? - Affordablekey,10
Windows 10 for Education Best Price | Best Deal,10
Windows 10 product key for free,10
Adobe acrobat pro dc download 2022 for Windows,9
Celebrate Success with Genuine Software Discounts,9
Convert a Microsoft Visio file to a different version,9
How to pause and disable Windows 11 updates - Affordablekey,9
Microsoft 365 Apps for business | Windows license,9
Microsoft Project 2016 Professional - Affordablekey,9
Microsoft Windows 10 Education vs Pro: Which One Is Best for Students?,9
Outlet - Affordablekey,9
The Ultimate Guide to Buying Genuine Windows 11 Product Key at the Best Price - Affordablekey,9
Top 10 Features of Windows 10 Pro and Office Professional Plus 2016 - Affordablekey,9
Top Fake Software Scams of 2025 and How They Happened,9
Windows 10 Pro for Workstations – Maximum Performance for Advanced Professionals,9
Windows 11 Pro with Office 2024 Pro Plus Combo Best Deal,9
Windows 11 basics: how to uninstall apps - Affordablekey,9
Windows Server 2012 Standard – Powerful Business Ready Server Solution,9
10 Best Ways to Clear Windows Defender Protection History,8
Broadway Store - Affordablekey,8
Hidden Costs of Not Upgrading to Windows 11 Enterprise,8
Home & Business - Affordablekey,8
How to Speed Up Windows 11 and Improve Performance - Affordablekey,8
How to customize your Windows 11 taskbar - Affordablekey,8
Is Windows 11 the Right Choice for You? Let's Discuss,8
Microsoft Office 2024 Professional Plus – Advanced Productivity Suite,8
"Microsoft fixes printing gremlin, ends that block on Windows 11 upgrades",8
Office 2024 Pro Plus & Windows 10 Pro | Best Combo for pc apps,8
What to Do Before Installing Any Software on a New PC,8
Why Buying Genuine Software on Sale Saves You More Long-Term,8
Windows 10 Pro Education – Secure & Powerful OS,8
Windows 11 Enterprise vs. Windows 10: Which is Better?,8
Windows 8.1 Enterprise - Affordablekey,8
Workstation - Affordablekey,8
"Your Complete Guide to Windows Server 2016 Standard – Secure, Scalable & Smart",8
Adobe Acrobat Pro 2019 download For Windows Lifetime,7
Alameda Store - Affordablekey,7
Antivirus - Affordablekey,7
Buy Microsoft Windows 7 Professional 32/64 Bit – (Product Key) - Affordablekey,7
Buy Microsoft office for mac lifetime - Affordablekey,7
Emeryville Store - Affordablekey,7
How Software Piracy Hurts You More Than You Think,7
How to Bypass Windows Updates on Startup in Windows,7
How to Check If a Software Download Site Is Safe,7
How to get the Windows 11 2022 Update - Affordablekey,7
MS Office 2024 Professional Plus (SPRING PROMO),7
Microsoft Office 2016 Home & Business for Windows PC - Affordablekey,7
Microsoft Office 2019 for Mac | Home and Students – Lifetime License,7
Microsoft Office 2024 Professional Plus – The Ultimate Guide for Professionals,7
Microsoft Office Lifetime License – Professional Plus 2024 5 PC,7
Microsoft Project Professional 2019 For Windows PC - Affordablekey,7
Microsoft Windows 10 Education vs Pro – Which Version Should Students Buy?,7
Office 2019 for MAC - Affordablekey,7
Step by Step Guide Download Microsoft Office 2019 Pro Plus,7
The Benefits of Purchasing a Key for Windows 11 Online,7
The Quick and Easy Guide to Downloading Microsoft Office 2021 Home and Student,7
Ultimate Guide to Stores Open on Christmas Day in the United States,7
Why was it legal for Microsoft to force an update to Windows 10? - Affordablekey,7
Windows 10 Professional – Affordablekey,7
Best AI-Powered Productivity Tools to Try in 2026,6
Blog - Affordablekey,6
Buy windows 11 product key cheap - Affordablekey,6
Download - Affordablekey,6
Enterprise - Affordablekey,6
MICROSOFT PROJECT STANDARD 2019 LICENSE - Affordablekey,6
Microsoft 365 Personal – PC Or Mac - Affordablekey,6
Microsoft Office 2016 Professional Plus for Windows PC - Affordablekey,6
Microsoft Office 2019 Home and Business for Windows PC - Affordablekey,6
Microsoft Office 2019 Home and Student for Mac - Affordablekey,6
Microsoft Office 2019 Home and student Genuine License,6
Microsoft Office 2019 Pro Plus And Microsoft Visio Professional 2019 - Affordablekey,6
Microsoft Office 365 Family 6-month subscription,6
Microsoft Windows - Affordablekey,6
Microsoft Windows 10 Education vs Enterprise: The Smart Buyer's Guide,6
Most Important Features Shaping the Future of Windows 11,6
PRODUCTS OFFICE - Affordablekey,6
Project - Affordablekey,6
Step-by-Step Guide to Download Microsoft Office 2016 Home and Business,6
Stores - Affordablekey,6
The Power of Microsoft 365 Over Microsoft Office 2021,6
Tips for using Microsoft Office 2021 Professional Plus,6
Top 10 tips for windows 11 use laptop And more Bonus tips,6
Upgrade to Windows 11? Get Windows 11 Now,6
Windows 11/10] Windows activation and Change product key - Affordablekey,6
Windows Digital License vs Product Key - which is best?,6
Windows server 2022 standard edition | license key for Windows,6
10 Tips for Finding the Best Deals on Windows 11 Pro and Office,5
: Best Microsoft Office 2024 Features for Teachers and Educators,5
Adobe Creative Cloud Subscription – 1 Month Full Warranty – Delivered to Customer Email,5
Benefits of Upgrading from Windows 10 to Windows 11,5
Buy Adobe Acrobat Pro DC 2019 Multilingual for Windows Lifetime,5
Buy Microsoft Office 2021 Home & Business for Mac – Genuine License,5
Buy Windows 11 Pro for Workstation – Instant Digital Delivery,5
"How Microsoft Teams Can Streamline Your Work and Boost Collaboration"":",5
How can I get Microsoft Office 2019 for Free download?,5
How to Make Windows 10 Run Faster: Tips and Tricks,5
How to Optimize Windows 11 for Remote Work in 2026,5
How to Use Windows 10 Without Activation for Longer it,5
Microsoft 365 Apps for business | Affordable license - Affordablekey,5
Microsoft Office 2016 Professional Plus 32/64 Bit,5
Microsoft Office 2016 Professional Plus 32/64 Bit - Affordablekey,5
Microsoft Office 2019 Home and Business for Mac - Affordablekey,5
Microsoft Office 365 Account 1 Year - Affordablekey,5
Office 2021 Professional Plus – Product Key - Affordablekey,5
Office 365 Family- Subscription 15 Months - Affordablekey,5
Professional Plus - Affordablekey,5
Review of Software Keys Hub - Get Free Software Keys - Affordablekey,5
Step by Step to Download Microsoft Office 2010 Pro Plus,5
Terms and Conditions - Affordablekey,5
The Revolutionary Impact of Windows 11 Pro - Affordablekey,5
The Ultimate Beginner’s Guide to Buying Software Online Safely,5
Tips for Staying Safe When Using Free Software Keys for pc,5
Using Office 365 for Hybrid Work Environments: A Complete Overview,5
Where Are Outlook Ost Files Stored On Windows 10 - Affordablekey,5
Windows 11 2022 Update Refreshes Your Favorite Features,5
Windows Server - Affordablekey,5
A Leap Forward in the Evolution of Windows 10,4
Adobe Acrobat Pro DC 2022 - Affordablekey,4
Best Business Software for 2026: A Comparative Guide,4
Buy Microsoft Office 2021 Home & Student – Original Product Key - Affordablekey,4
Buy Windows server Datacenter 2019 for Windows,4
Buy cheap-rated Microsoft Office 2021 Professional Plus,4
Find the Best Windows PC for You,4
How Microsoft 365 Copilot Is Transforming Office Workflows in 2026,4
Menu price - Affordablekey,4
Microsoft 365 Business Standard - 12 Month Subscription,4
Microsoft Office 2019 Activation Guide for Beginners,4
Microsoft Office 2021 Home and Student for Mac – Lifetime License,4
Microsoft Office 2021 Professional Plus with Software Keys,4
Microsoft Office 2024 for Students and Teachers,4
Microsoft Office 365 Family – 6 Months Subscription | Secure Activation Key,4
Microsoft Office lifetime license - Affordablekey,4
Microsoft Visio 2019 Professional Genuine License,4
Microsoft Windows 11 Pro : A Game-Changer in Update,4
Most Powerful Tips Windows 11 Enterprise,4
Office 365 Family- Subscription 15 Months,4
Office for teachers - Affordablekey,4
The Latest Features of Microsoft Office 2024 That You’ll Love,4
Top 10 Features of Windows Server 2022 You Need to Know,4
Top 5 Benefits of Genuine Software for Business Owners,4
Top Black Friday Deals for Microsoft Office 2024,4
Top Features to Look Forward to in Windows 11 Enterprise,4
Track Order - Affordablekey,4
Unlock the Future: Top 10 Benefits of Genuine Software Keys in 2026,4
Visio Standard Download 2019 for Windows,4
Whats Changed with Microsoft Office in Windows 11 Enterprise,4
Why You Should Buy Microsoft Windows 8 Professional - Affordablekey,4
Windows 10 Hacks and Tricks to Make Your Life Easier,4
Windows 10 S - Affordablekey,4
Windows 11 Pro N - Affordablekey,4
Windows 11: Everything you need to know - Affordablekey,4
Windows Server 2008 Standard – Powerful & Secure Server Solution for Business,4
Windows Server 2016 Datacenter Core Add-on,4
"Windows Server 2016 Standard – Secure, Scalable & Reliable Server OS",4
[11.11 Offer ]Buy Windows 11 key & Office 2021 key,4
automated software tools - Affordablekey,4
office professional plus 2019 product key - Affordablekey,4
10 Hidden Features in Microsoft Office 2016 You Probably Didn’t Know,3
Adobe Acrobat Pro DC 2019 Multilingual For Windows Lifetime - Affordablekey,3
Between Factory Reset and Clean Install of Windows 11,3
Buy Microsoft Visio 2021 Standard for Windows,3
Buy Office 2021 Professional Plus – 100% Genuine Product Key,3
Christmas Images That Create Warm Digital Experiences | Merry Christmas from AffordableKey,3
Compare - Affordablekey,3
Deals - Affordablekey,3
Download Microsoft Office 2019 Home and Business,3
Download and install Microsoft Office on your Pc device,3
Get Microsoft Windows 8.1 Professional 32/64 Bit – Genuine Product Key,3
Good Friday Software Sale: Get Genuine Tools at Unbeatable Prices,3
Home and Student - Affordablekey,3
How do I manually update Windows 10 Update?,3
How to Choose the Right Windows 11 Edition for Your PC (2026 Guide),3
How to Download Microsoft Office 2013 Home and Business,3
How to Download Microsoft Office 2021 Professional Plus Free,3
How to Legally Get Windows 10 Key for Free or Cheap - Affordablekey,3
How to install and activate Microsoft Office 2021 - Affordablekey,3
Key for MS Office Professional 2024 with Windows 10 Pro Bundle - Affordablekey,3
Limited-Time Offers: Save Big on 100% Original Software,3
MS Office 2024 Professional Plus - Affordablekey,3
Microsoft 365 Family – 12 Month Subscription - Affordablekey,3
Microsoft Office 2019 - Affordablekey,3
Microsoft Office 2019 Home and student - Affordablekey,3
Microsoft Office 2021 Home & Student - Affordablekey,3
Microsoft Office 2021 Professional Plus – Latest Features & Updates,3
Microsoft Office 2024 Home & Business Lifetime Activation,3
Microsoft Office 365 Family – 6 Months Subscription - Affordablekey,3
Microsoft Office Standard 2024 Lifetime Activation Key - Affordablekey,3
Microsoft Office on Android and iOS now supports,3
Microsoft Visio Professional 2021 For Windows PC - Affordablekey,3
My account - Affordablekey,3
Office - Affordablekey,3
Office 2019 Home and Business for MAC - Affordablekey,3
Office 2021 Home and Student for MAC - Affordablekey,3
Office 2024 Pro Plus & Windows 11 Pro Combo - Affordablekey,3
Office 365 E3 | 5 User Genuine product key,3
Office 365 E3 | 5 User Genuine product key - Affordablekey,3
Office Professional - Affordablekey,3
Office for MAC - Affordablekey,3
Our Contacts - Affordablekey,3
Premium Christmas Cards from AffordableKey.com,3
Project 2007 - Affordablekey,3
Step-by-Step: Downloading Windows Server 2012 from Microsoft%,3
Top Cybersecurity Risks of Using Pirated Software in 2026,3
Top Discounts for Microsoft Office 2024 Pro Plus – September Savings Guide,3
Top Features of Microsoft Office 2021 for Small Businesses,3
Upgrade to Windows 11 - Get the Latest OS from Microsoft,3
Visio 2010 standard download for Windows,3
Which Windows version is best in 2023? - Affordablekey,3
Which is fast Windows 11 or Windows 10?- Affordablekey.com,3
Windows 10 Pro N – Download Original License at Best Price,3
Windows 11 Education vs Pro- Affordablekey.com,3
Windows 11 Home download - Best Price,3
Windows 11 Home vs Pro for Gaming: Which Is Better?,3
Windows 11 Pro with Office 2024 Pro Plus Secure & Genuine License,3
Windows 11 offers - Affordablekey,3
Windows Operating Systems - Affordablekey,3
Windows Server 2011 - Affordablekey,3
Windows Server 2019 - Affordablekey,3
Windows server 2022 Standard Price | license key for Windows,3
getCID Phone Activation 1X (SALE) - Affordablekey,3
10 Proven Ways to Save Money on Seasonal Software Sales,2
Adobe Creative Cloud 1 Month Subscription – Full Warranty – Delivered to Customer Email - Affordablekey,2
Adobe Creative Cloud Discount All Apps – 1 Year Enterprise Deal,2
Benefits of Genuine Software for Small Business Growth and User Connection,2
Best Deal on Office 2024 Activation Standard Lifetime,2
"Best Microsoft Office Version for Students, Freelancers & Small Businesses in 2026",2
Best Tips and tricks for Windows 11,2
Buy Microsoft Office 2019 Professional Plus 32/64 Bit,2
Buy Office 365 Account Latest Features,2
Exchange Server 2013 - Affordablekey,2
How to Buy Microsoft Office 2024 Pro Plus Licenses for 2025,2
How to Download Microsoft Office 2019 Home and student,2
How to Save Up to 70% on Microsoft & Windows Software Legally in 2026 - Affordablekey,2
How to get the Windows 11 - Affordablekey,2
MS Office 2024 Professional Plus (SPRING PROMO) - Affordablekey,2
Machine Learning with Windows 11 Enterprise,2
Master Windows 11 Key Shortcuts: Boost Your Productivity Instantly,2
Mega electronics slide 1 - Affordablekey,2
Microsoft 365 vs Office 2024: A Complete User Guide,2
Microsoft Office 2010 - Affordablekey,2
Microsoft Office 2016 - Affordablekey,2
Microsoft Office 2021 Home & Business – Cheap Product Key - Affordablekey,2
Microsoft Office 365 personal for Windows 1 Year Subscription,2
Microsoft Server - Affordablekey,2
Microsoft Visio Professional 2021 - Affordablekey,2
New Tips and Tricks of Microsoft Windows 11- Affordablekey,2
Office 365 Account latest features - Affordablekey,2
Project 2010 - Affordablekey,2
Shop the Year End Sale 2022 | Great Deals & Discounts,2
Summer Special - Affordablekey,2
Suspendisse quam at vestibulum - Affordablekey,2
The Legal and Financial Risks of Using Counterfeit Software,2
The Ultimate Software Deals for Small Business Owners 2026,2
Trams & Condition - Affordablekey,2
Visio 2016 - Affordablekey,2
Where to Buy Software Keys with Instant Digital Delivery Online,2
Why Cracked Software is a Cybersecurity Threat in 2025,2
Why Genuine Software Is Important for Cyber Security in 2026,2
Windows 10 - Affordablekey,2
"Windows 11 Genuine License in 2026: Benefits, Drawbacks, and Smart Buying Tips",2
"Windows 11 Genuine License in 2026: Benefits, Drawbacks, and Smart Buying Tips - Affordablekey",2
Windows 11 Keyboard Not Working? Easy Fixes You Can Try Today!,2
"Windows 11 Pro: The Perfect OS for Business, Supercharged by Office Professional Plus 2021 - Affordablekey",2
Windows 7 Home Premium - Affordablekey,2
Windows 7 Ultimate - Affordablekey,2
Windows Server 2008 - Affordablekey,2
Windows Server 2012 - Affordablekey,2
Windows Server 2016 Standard – Reliable & Secure Server,2
Windows Server 2019 Standard - Affordablekey,2
Windows Server 2022 - Affordablekey,2
Windows Server 2022 vs 2019: Which One Should You Choose?,2
Windows Server Standard 2019 for Best Price Core Add-on,2
Your Comprehensive Guide to Buying a Windows 11 Enterprise Key - Affordablekey,2
office 2021 - Affordablekey,2
office for mac - Affordablekey,2
update automation - Affordablekey,2
windows 10 - Affordablekey,2
1 new message,1
10 Tips for Optimizing Office Professional Plus 2016 Performance – Affordablekey,1
A Complete Guide to Microsoft Office 2024 Features and Benefits,1
A Complete Guide to Microsoft Office 2024 Features and Benefits - Affordablekey,1
Adobe Acrobat Pro DC 2019 For Windows Lifetime - Affordablekey,1
Affiliate area - Affordablekey,1
AffordableKey - Affordablekey,1
Affordablekey – The Ultimate Source Of Software,1
Autodesk - Affordablekey,1
Available today: The Windows 11 2022 Update - Affordablekey,1
Best Microsoft 365 business premium windows 10 license key,1
Best way to manually update windows 11? - Affordablekey,1
Buy Microsoft Office 2010 Professional Plus 32/64 Bit – ( Affordable Key) - Affordablekey,1
Buy Microsoft Office 2010 Professional Plus 32/64-Bit – Genuine Product Key,1
Can You Install Windows 11 on Windows 10 with a Pirated License?,1
Education - Affordablekey,1
Education vs Enterprise - Affordablekey,1
Excel 2021 - Affordablekey,1
Free Windows 10 Product Key - Affordablekey,1
How AI Is Making Cloud-Based Software Smarter in 2026,1
How Much Does Windows 11 Cost? Full Pricing Guide,1
How to Choose the Right Windows 11 Edition for Your PC (2026 Guide) - Affordablekey,1
How to Download Microsoft Office 2021 Home and Business,1
How to get Teams to go away in Windows 11 – Affordablekey,1
IT management tools - Affordablekey,1
Is Windows 11 the Right Choice for You? Let’s Discuss – Affordablekey,1
Is Your Windows Activated? Here’s How to Check Legally,1
Khairul Islam - Affordablekey,1
Leo uteu ullamcorper - Affordablekey,1
Lifetime vs Subscription Software: Which Option Saves You More Money in 2026?,1
Lifetime vs Subscription Software: Which Option Saves You More Money in 2026? - Affordablekey,1
Master Windows 11 Key Shortcuts: Boost Your Productivity Instantly - Affordablekey,1
McAfee - Affordablekey,1
Microsoft 365 Business Standard - Affordablekey,1
Microsoft Exchange Server - Affordablekey,1
Microsoft Office 2013 - Affordablekey,1
Microsoft Office 2016 Professional - Affordablekey,1
Microsoft Office 2019 Home & Business for MAC – Genuine License,1
Microsoft Office 2024 Home & Business Lifetime Activation Key - Affordablekey,1
Microsoft Office 2024 Professional Plus – The Ultimate Guide for Professionals - Affordablekey,1
Microsoft Office 365 Family – 12 Month Subscription,1
Microsoft Office 365 Personal Lifetime Subscription – 2026 Exclusive Guide,1
Microsoft Office Home for Mac 2024 – Activation key,1
Microsoft Office One Time Purchase 2021 Home & Student,1
Microsoft Office – Affordablekey,1
Microsoft Visio - Affordablekey,1
Netus eu mollis hac dignis - Affordablekey,1
Norton - Affordablekey,1
Office - Page 2 of 5 - Affordablekey,1
Office 2021 Home and Business for MAC - Affordablekey,1
Office 2021 Professional Plus - Affordablekey,1
Office 2021 for MAC - Affordablekey,1
Office 2024 AI - Affordablekey,1
Office 2024 Pro Plus & Windows 10 Pro Combo - Affordablekey,1
Office Workflow - Affordablekey,1
PowerPoint 2016 - Affordablekey,1
Products widgets - Affordablekey,1
Professional – Affordablekey,1
Remote Desktop Services - Affordablekey,1
Remote Desktop Services CALs - Affordablekey,1
SQL Server 2016 - Affordablekey,1
SQL Server 2017 - Affordablekey,1
SQL Server 2019 - Affordablekey,1
Server - Affordablekey,1
Single Product Description - Affordablekey,1
Speed Up Windows 11 - Affordablekey,1
The Dangers of Using Cracked Software: What You Need to Know,1
The Ultimate Software Deals for Small Business Owners 2026 - Affordablekey,1
Ultimate - Affordablekey,1
Unlocking Windows 11 Pro - Affordablekey,1
Upgrade Your Digital World with Genuine Microsoft & Windows Products 2025: Best Christmas New Year Software Deals - Affordablekey,1
Valencia Store - Affordablekey,1
Visio - Affordablekey,1
Visio 2007 - Affordablekey,1
Visio 2010 - Affordablekey,1
Visio 2021 - Affordablekey,1
Visio Standard 2019 - Affordablekey,1
Visual Studio 2022 - Affordablekey,1
What is Zero Trust Security? A Microsoft-Focused Guide for Safer Digital Environments in 2026,1
What is Zero Trust Security? A Microsoft-Focused Guide for Safer Digital Environments in 2026 - Affordablekey,1
Why Genuine Software Is Important for Cyber Security in 2026 - Affordablekey,1
"Why a Genuine Windows 11 Key Matters for Security, Updates, and Performance",1
Windows - Affordablekey,1
Windows 10 Enterprise for Best Price | Best Deal - Affordablekey,1
Windows 10 Pro OEM - Affordablekey,1
Windows 11 Enterprise - Affordablekey,1
Windows 11 Home - Affordablekey,1
Windows 11 Pro N Lifetime License - Affordablekey,1
Windows 11 Pro Product Key: Easy Activation and Installation Guide in 2026,1
Windows 11 Pro Product Key: Easy Activation and Installation Guide in 2026 - Affordablekey,1
Windows 11 Pro – Affordablekey,1
Windows 11 – Affordablekey,1
Windows Data Protection - Affordablekey,1
Windows Digital License Explained: Ultimate Guide - Affordablekey,1
Windows SQL Server - Affordablekey,1
Windows Server 2016 - Affordablekey,1
Windows Server 2019 Datacenter Core Add-on - Affordablekey,1
Windows Server 2025 - Affordablekey,1
Windows Small Business Server 2011 Standard,1
Windows Update - Affordablekey,1
Wishlist - Affordablekey,1
auto cad - Affordablekey,1
autocad - Affordablekey,1
blog - Affordablekey,1
microsoft office 2016 pro plus product key - Affordablekey,1
patch management - Affordablekey,1